<?xml version="1.0"?>
<?xml-stylesheet type="text/xsl" href="portfolio-sort1.xsl"?>
<portfolio xmlns:dt="urn:schemas-microsoft-com:datatypes" xml:space="preserve">
 <stock exchange="nyse">
     <symbol>cts</symbol>
    <name>cts-corp</name>
    <price dt:dt="number">28.875</price>
  </stock>
  <stock exchange="nasdaq">
<symbol>inf</symbol>
    <name>Infosys</name>
    <price dt:dt="number">92.250</price>
  </stock>
  <stock exchange="nasdaq">
    <symbol>tcs</symbol>
    <name>TCS</name>
    <price dt:dt="number">20.313</price>
  </stock>
</portfolio>