<?xml version="1.0"?>
<?xml-stylesheet type="text/xsl" href="portfolio-sort2.xsl"?>
<portfolio xmlns:dt="urn:schemas-microsoft-com:datatypes" xml:space="preserve">
  <stock exchange="nyse">
    <name>zacx corp</name>
    <symbol>ZCXM</symbol>
    <price dt:dt="number">28.875</price>
  </stock>
  <stock exchange="nasdaq">
    <name>zaffymat inc</name>
    <symbol>ZFFX</symbol>
    <price dt:dt="number">92.250</price>
  </stock>
  <stock exchange="nasdaq">
    <name>zysmergy inc</name>
    <symbol>ZYSZ</symbol>
    <price dt:dt="number">20.313</price>
  </stock>
</portfolio>